[
	{
		"cardNumber": "5567894523129089",
		"expirationDate": "08/26",
		"cardHolderName": "John Doe"
	},
	{
		"cardNumber": "59012345678901234567890",
		"expirationDate": "10/24",
		"cardHolderName": "Lisa Claire"
	},
	{
		"cardNumber": "4123456789123",
		"expirationDate": "04/26",
		"cardHolderName": "Martha Clark"
	},
	{
		"cardNumber": "347856341908126",
		"expirationDate": "03/23",
		"cardHolderName": "Jane S. Dayton"
	},
	{
		"cardNumber": "6011111100007756",
		"expirationDate": "02/24",
		"cardHolderName": "John Doe"
	},
	{
		"cardNumber": "3601112345678789",
		"expirationDate": "06/24",
		"cardHolderName": "Lara Wayne"
	},
	{
		"cardNumber": "5167894523129089",
		"expirationDate": "08/26",
		"cardHolderName": "John Doe"
	},
	{
		"cardNumber": "4123456789123999",
		"expirationDate": "03/23",
		"cardHolderName": "Jane Dayton"
	},
	{
		"cardNumber": "377856341908126",
		"expirationDate": "03/25",
		"cardHolderName": "Martha Clark"
	},
	{
		"cardNumber": "5367894523129089",
		"expirationDate": "08/25",
		"cardHolderName": "John Doe"
	},
	{
		"cardNumber": "6011*890HJrt6789",
		"expirationDate": "05/25",
		"cardHolderName": "Jill Davis"
	},
	{
		"cardNumber":"",
		"expirationDate": "08/26",
		"cardHolderName": "John Doe"
	}
]