<CARDS>
  <CARD>
      <CARD_NUMBER>5567894523129089</CARD_NUMBER>
      <EXPIRATION_DATE>08/26</EXPIRATION_DATE>
      <CARD_HOLDER_NAME>John DoE</CARD_HOLDER_NAME>
  </CARD>
  <CARD>
      <CARD_NUMBER>59012345678901234567890</CARD_NUMBER>
      <EXPIRATION_DATE>10/24</EXPIRATION_DATE>
      <CARD_HOLDER_NAME>Lisa Claire</CARD_HOLDER_NAME>
  </CARD>
  <CARD>
      <CARD_NUMBER>4123456789123</CARD_NUMBER>
      <EXPIRATION_DATE>04/26</EXPIRATION_DATE>
      <CARD_HOLDER_NAME>Martha Clark</CARD_HOLDER_NAME>
  </CARD>
  <CARD>
      <CARD_NUMBER>347856341908126</CARD_NUMBER>
      <EXPIRATION_DATE>03/23</EXPIRATION_DATE>
      <CARD_HOLDER_NAME>Jane S. Dayton</CARD_HOLDER_NAME>
  </CARD>
  <CARD>
      <CARD_NUMBER>6011111100007756</CARD_NUMBER>
      <EXPIRATION_DATE>02/24</EXPIRATION_DATE>
      <CARD_HOLDER_NAME>John Doe</CARD_HOLDER_NAME>
  </CARD>
  <CARD>
      <CARD_NUMBER>3601112345678789</CARD_NUMBER>
      <EXPIRATION_DATE>06/24</EXPIRATION_DATE>
      <CARD_HOLDER_NAME>Lara Wayne</CARD_HOLDER_NAME>
  </CARD>
  <CARD>
      <CARD_NUMBER>5167894523129089</CARD_NUMBER>
      <EXPIRATION_DATE>08/26</EXPIRATION_DATE>
      <CARD_HOLDER_NAME>John Doe</CARD_HOLDER_NAME>
  </CARD>
  <CARD>
      <CARD_NUMBER>4123456789123999</CARD_NUMBER>
      <EXPIRATION_DATE>03/23</EXPIRATION_DATE>
      <CARD_HOLDER_NAME>Jane Dayton</CARD_HOLDER_NAME>
  </CARD>
  <CARD>
      <CARD_NUMBER>377856341908126</CARD_NUMBER>
      <EXPIRATION_DATE>03/25</EXPIRATION_DATE>
      <CARD_HOLDER_NAME>Martha Clark</CARD_HOLDER_NAME>
  </CARD>
  <CARD>
      <CARD_NUMBER>5367894523129089</CARD_NUMBER>
      <EXPIRATION_DATE>08/25</EXPIRATION_DATE>
      <CARD_HOLDER_NAME>John Doe</CARD_HOLDER_NAME>
  </CARD>
  <CARD>
      <CARD_NUMBER>6011*890HJrt6789</CARD_NUMBER>
      <EXPIRATION_DATE>05/25</EXPIRATION_DATE>
      <CARD_HOLDER_NAME>Jill Davis</CARD_HOLDER_NAME>
  </CARD>
  <CARD>
      <CARD_NUMBER></CARD_NUMBER>
      <EXPIRATION_DATE>08/26</EXPIRATION_DATE>
      <CARD_HOLDER_NAME>John Doe</CARD_HOLDER_NAME>
  </CARD>
</CARDS>
